file,pages
Allianz_2022_report.pdf,164
nippn corp_2022_report.pdf,24
acuity brands inc_2022_report.pdf,103
morinaga ltd_2020_report.pdf,62
aixtron_2020_report.pdf,86
comerica inc_2019_report.pdf,65
evolution mining ltd_2020_report.pdf,49
polaris_2021_report.pdf,95
cardinal energy ltd_2021_report.pdf,22
lundin gold inc_2022_report.pdf,64
uniper_2019_report.pdf,80
toshiba tec corp_2022_report.pdf,62
Daimler_2020_report.pdf,193
atlas arteria_2019_report.pdf,13
cytokinetics inc_2022_report.pdf,29
metro ag_2022_report.pdf,51
webuild_2019_report.pdf,90
bekaert (d) sa_2022_report.pdf,330
autoneum holding_2019_report.pdf,41
kureha corp_2020_report.pdf,10
kfw_2018_report.pdf,122
salzgitter ag_2018_report.pdf,36
graincorp_2019_report.pdf,17
huhtamaki_2018_report.pdf,58
stantec inc_2019_report.pdf,90
granite construction inc_2020_report.pdf,119
ViacomCBS_ESG Report_2020-2021_vFINAL.pdf,75
blackline safety_2021_report.pdf,72
h. lundbeck_2021_report.pdf,42
dampskibsselskabet norden_2019_report.pdf,140
inchcape plc_2022_report.pdf,232
jetblue airways corp_2019_report.pdf,11
healius ltd_2022_report.pdf,70
nordea_2017_report.pdf,48
kilroy realty_2018_report.pdf,71
hammerson reit_2021_report.pdf,182
sumitomo corporation_2021_report.pdf,147
fujifilm_2022_report.pdf,142
jpmorgan chase_2020_report.pdf,59
hudbay minerals inc_2020_report.pdf,121
sato oyj_2022_report.pdf,53
addtech_2022_report.pdf,74
nok corporation_2021_report.pdf,37
lundin gold inc_2021_report.pdf,82
hang lung properties_2018_report.pdf,68
innospec inc_2020_report.pdf,49
georg fischer ag_2018_report.pdf,20
allfunds group_2021_report.pdf,163
huhtamaki_2019_report.pdf,60
cabot corp_2018_report.pdf,46
kilroy realty_2017_report.pdf,69
varta ag_2021_report.pdf,44
Fresenius SE_2019_report.pdf,277
americold realty inc_2022_report.pdf,57
